Date,True_Daily_Cases,True_Cumulative_Cases,True_Daily_Pct_Positive,True_Daily_Cases_Chld,True_Cumulative_Cases_Chld,True_Daily_Pct_Positive_Chld,True_Daily_Hospitalization,True_Cumulative_Hospitalization,True_Daily_Fatality,True_Cumulative_Fatality,Mean_DSA_Cumulative,Low_DSA_Cumulative,High_DSA_Cumulative,Mean_DSA_Cumulative_Chld,Low_DSA_Cumulative_Chld,High_DSA_Cumulative_Chld,Mean_Daily_Cases_NoVac,Median_Daily_Cases_NoVac,High_Daily_Cases_NoVac,Low_Daily_Cases_NoVac,Mean_Cumulative_Cases_NoVac,High_Cumulative_Cases_NoVac,Low_Cumulative_Cases_NoVac,Mean_Cumulative_Cases_Children,Median_Cumulative_Cases_Children,High_Cumulative_Cases_Children,Low_Cumulative_Cases_Children,Mean_Daily_Children_NoVac,Median_Daily_Children_NoVac,High_Daily_Children_NoVac,Low_Daily_Children_NoVac,Mean_Cumulative_Cases_Children_NoVac,Median_Cumulative_Cases_Children_NoVac,High_Cumulative_Cases_Children_NoVac,Low_Cumulative_Cases_Children_NoVac,Mean_Daily_Hospitalization,High_Daily_Hospitalization,Low_Daily_Hospitalization,Mean_Cumulative_Hospitalization,High_Cumulative_Hospitalization,Low_Cumulative_Hospitalization,Mean_Daily_Fatality,High_Daily_Fatality,Low_Daily_Fatality,Mean_Cumulative_Fatality,High_Cumulative_Fatality,Low_Cumulative_Fatality,Mean_DSA_Daily_Hospitalization,High_DSA_Daily_Hospitalization,Low_DSA_Daily_Hospitalization,Mean_DSA_Cumulative_Hospitalization,High_DSA_Cumulative_Hospitalization,Low_DSA_Cumulative_Hospitalization,Mean_DSA_Daily_Fatality,High_DSA_Daily_Fatality,Low_DSA_Daily_Fatality,Mean_DSA_Cumulative_Fatality,High_DSA_Cumulative_Fatality,Low_DSA_Cumulative_Fatality,Diff_NoVac_Mean,Diff_NoVac_Low,Diff_NoVac_High,Diff_NoVac_Chld_Mean,Diff_NoVac_Chld_Low,Diff_NoVac_Chld_High,Diff_DSA_Mean,Diff_DSA_Low,Diff_DSA_High,Diff_DSA_Mean_Chld,Diff_DSA_Low_Chld,Diff_DSA_High_Chld,Diff_Mean_Hospitalization,Diff_Low_Hospitalization,Diff_High_Hospitalization,Diff_DSA_Mean_Hospitalization,Diff_DSA_Low_Hospitalization,Diff_DSA_High_Hospitalization,Diff_Mean_Fatality,Diff_Low_Fatality,Diff_High_Fatality,Diff_DSA_Mean_Fatality,Diff_DSA_Low_Fatality,Diff_DSA_High_Fatality
2021-01-08,8160,480338,0.0711923852066411,5149,326236,0.0695237709455719,91,11442,46,3657,472178.0,472178.0,472178.0,321087.0,321087.0,321087.0,12917.5788,12908.0,16039.25,9939.5,485095.5788,488217.25,482117.5,329433.176,329443.0,331424.0,327494.0,8346.176,8356.0,10337.0,6407.0,329433.176,329443.0,331424.0,327494.0,292.2811656634956,362.27524158802134,224.1970686458798,11643.28116566351,11713.27524158802,11575.19706864588,98.23917911852666,121.7650212519944,75.35530363221777,3709.239179118528,3732.7650212519943,3686.3553036322182,184.64352847701426,184.64352847702654,184.64352847702654,11535.643528476578,11535.643528477027,11535.643528477027,62.06088793287394,62.06088793287212,62.06088793287212,3673.06088793279,3673.060887932872,3673.060887932872,4757.5788000000175,1779.5,7879.25,3197.1759999999776,1258.0,5188.0,-8160.0,-8160.0,-8160.0,-5149.0,-5149.0,-5149.0,201.28116566350946,133.1970686458808,271.27524158802044,93.64352847657756,93.64352847702685,93.64352847702685,52.23917911852823,29.355303632218238,75.76502125199431,16.060887932790138,16.060887932871992,16.060887932871992
2021-01-09,5156,485494,0.0656681440725457,3267,329503,0.0654998195597257,101,11543,21,3678,481061.6496273696,475288.9829698788,488344.49952118454,324289.5255371447,322208.49880111945,326914.9682038931,12027.688,11294.5,16593.625,8163.5,497123.2668,504432.5,490655.875,337070.36,336621.0,341784.25,332953.375,7637.184,7155.0,10570.375,5193.125,337070.36,336621.0,341784.25,332953.375,282.1954111711856,364.6667260139915,209.780278439884,11925.476576834673,12075.698978660803,11787.040727202553,94.84923697201066,122.56882763599015,70.50964882532669,3804.088416090537,3854.5799536041186,3757.5584790774437,201.01818786164486,365.8136660188335,70.39495987627058,11736.661716338653,11901.457194495859,11606.038488353297,67.56460587733385,122.95432782488567,23.66058400180444,3740.625493810205,3796.0152157577577,3696.7214719346766,11629.266799999983,5161.875,18938.5,7567.359999999986,3450.375,12281.25,-4432.350372630404,-10205.017030121177,2850.499521184538,-5213.474462855316,-7294.501198880549,-2588.031796106894,382.4765768346733,244.04072720255317,532.6989786608028,193.6617163386527,63.038488353297,358.45719449585886,126.08841609053707,79.55847907744374,176.5799536041186,62.62549381020517,18.72147193467663,118.01521575775769
2021-01-10,6937,492431,0.0734377150358348,4277,333780,0.0719524915043235,140,11683,44,3722,490795.29364162934,478689.92627878685,506040.8060225802,327798.47116565285,323434.5273202547,333294.4266315715,19214.0404,16850.5,29914.125,10886.0,516337.3072,533745.375,501872.625,349158.4688,347311.0,360216.0,340038.75,12088.1088,10615.5,18891.75,6873.0,349158.4688,347311.0,360216.0,340038.75,333.0308519530515,463.9998342042991,224.40354808182988,12258.507428787743,12530.275242260894,12021.883272155797,111.93563376806264,155.95586776823916,75.42470382858878,3916.0240498585968,4007.3684471133247,3836.4918540211916,220.25176173191895,400.9056246233488,76.93464842066848,11956.913478070619,12301.887154474858,11682.994636969364,74.02923901317763,134.74915284942358,25.858651170566677,3814.6547328233833,3930.6044920578647,3722.5873495768565,23906.30719999998,9441.625,41314.375,15378.468799999973,6258.75,26436.0,-1635.7063583706622,-13741.07372121315,13609.80602258019,-5981.5288343471475,-10345.47267974529,-485.5733684285078,575.5074287877433,338.8832721557974,847.2752422608937,273.913478070619,-0.0053630306356353685,618.8871544748581,194.02404985859675,114.49185402119156,285.3684471133247,92.65473282338326,0.587349576856468,208.60449205786472
2021-01-11,9712,502143,0.0786428600348192,5932,339712,0.0735414445463787,130,11813,29,3751,501438.723987039,482397.34056757786,525433.012388662,331635.3916784761,324771.037587392,340285.2512041242,32054.6552,26536.0,55269.375,15445.875,548391.9624,588113.125,517666.75,370100.7008,364877.0,395639.0,350277.75,20942.232,17352.0,36169.0,10080.75,370100.7008,364877.0,395639.0,350277.75,431.13073220161584,655.7716173639775,257.8440241281192,12689.638160989343,13170.899141643898,12283.86867035885,144.90817130864494,220.41264695528037,86.66444590592278,4060.9322211672306,4222.689765735519,3924.548265052958,240.8383007445558,438.76322311985246,83.96506644578885,12197.75177881518,12740.691738836133,11766.885575181193,80.94861983917777,147.47354236406343,28.22165835948381,3895.6033526625624,4078.091936427537,3750.784092554478,46248.96239999996,15523.75,85970.125,30388.70079999999,10565.75,55927.0,-704.276012960996,-19745.659432422137,23290.01238866197,-8076.608321523876,-14940.962412607973,573.2512041241862,876.6381609893433,470.86867035885007,1357.8991416438985,384.75177881517993,-46.11442481880658,927.6917388361326,309.93222116723064,173.54826505295796,471.68976573551936,144.60335266256243,-0.21590744552213437,327.0919364275369
2021-01-12,9295,511438,0.0786731783286922,5753,345465,0.0730855226383454,119,11932,56,3807,513051.2945364745,486431.30974789674,546616.736100388,335821.68394532666,326225.269784509,347921.9116988847,37301.636,29717.5,68930.625,15774.375,585693.5984,656038.25,533599.875,394955.0896,385199.5,440803.125,360978.625,24854.3888,19910.5,45915.875,10506.125,394955.0896,385199.5,440803.125,360978.625,513.6895757704019,831.8767968916536,278.43157955932793,13203.327736759727,13988.103453247226,12567.365077342618,172.65718141937467,279.6036941650679,93.58416836230451,4233.589402586619,4497.36186293271,4019.834782204738,262.7678922715967,480.1248661607117,91.33675642095709,12460.519671086733,13220.034568789019,11858.165759399533,88.31941660307704,161.37568296249552,30.699371113341382,3983.92276926564,4239.204767711159,3781.4644490770797,74255.59840000002,22161.875,144600.25,49490.08960000001,15513.625,95338.125,1613.29453647451,-25006.69025210326,35178.73610038799,-9643.316054673342,-19239.73021549103,2456.91169888468,1271.3277367597275,635.365077342618,2056.103453247226,528.5196710867331,-73.83424060046673,1288.0345687890185,426.58940258661914,212.83478220473808,690.3618629327102,176.92276926564,-25.535550922920265,432.20476771115864
2021-01-13,9470,520908,0.079354438653237,5819,351284,0.0729389939708444,139,12071,57,3864,525690.76999847,490838.19897412136,569724.8101343891,340378.17194756086,327813.93839238305,356252.29395305726,43799.3608,35026.0,83144.625,16812.125,629492.9592,739184.375,551007.125,424231.7692,408568.0,496669.75,372603.0,29276.6796,23396.5,55519.625,11274.375,424231.7692,408568.0,496669.75,372603.0,593.2558826657355,1006.4665682120118,297.2082914806848,13796.58361942549,14979.024005589146,12869.876401861864,199.40036433075582,338.28539463683205,99.89524475859498,4432.989766917371,4830.422056574553,4121.512439495335,286.004576887453,521.7411662919214,99.22624802679992,12746.52424797418,13742.921373439303,11957.884334931088,96.12954291387024,175.3634168404534,33.35112315922187,4080.052312179505,4414.953247241632,3814.9810493713576,108584.95920000004,30099.125,218276.375,72947.76919999998,21319.0,145385.75,4782.769998469972,-30069.801025878638,48816.81013438909,-10905.828052439145,-23470.061607616954,4968.293953057262,1725.5836194254898,798.876401861864,2908.0240055891463,675.5242479741792,-113.11566506891177,1671.9213734393034,568.9897669173706,257.51243949533455,966.4220565745527,216.05231217950495,-49.018950628642415,550.9532472416322
2021-01-14,9295,530203,0.0763048582264764,5834,357118,0.0718986468166917,133,12204,59,3923,539411.9718430893,495593.4323697003,594956.5469611296,345324.61863905686,329528.18389093445,365348.24943572364,50138.0568,40707.0,95603.75,18070.625,679631.016,835439.5,569092.5,457628.0668,435174.5,560612.125,384661.75,33396.2976,27129.0,63702.75,11974.75,457628.0668,435174.5,560612.125,384661.75,670.5827032869075,1174.4166450963078,313.72105673073645,14467.166322712388,16132.404840924946,13190.841849539862,225.39082924636165,394.73541476916716,105.44538172845247,4658.380596163732,5218.087085271205,4229.392747258988,310.4817553352937,567.4986125941249,107.54636301797868,13057.006003309465,14313.862172127181,12065.485201707008,104.35661396853381,190.74303924302671,36.147612851089946,4184.408926148045,4606.853246206835,3851.1469815843075,149428.01599999995,38889.5,305236.5,100510.06679999997,27543.75,203494.125,9208.971843089326,-34609.567630299716,64753.54696112964,-11793.381360943138,-27589.81610906555,8230.249435723643,2263.166322712388,986.8418495398619,3928.4048409249463,853.0060033094651,-138.51479829299205,2109.862172127181,735.3805961637318,306.3927472589876,1295.087085271205,261.4089261480449,-71.85301841569253,683.8532462068351
2021-01-15,8427,538630,0.0846772978024296,5071,362189,0.0778405427808307,120,12324,51,3974,554265.4126608546,500678.09234300716,622149.3688017803,350679.2336372455,331361.1865525934,375151.1694094489,44739.772,37188.5,84399.875,15310.875,724370.788,921047.25,584852.375,486914.8524,459698.0,616558.25,394920.125,29286.7856,24371.0,55203.25,10032.75,486914.8524,459698.0,616558.25,394920.125,773.4501473243985,1404.1139056837783,328.5128232900819,15240.61647003681,17509.94380609062,13525.032527328607,259.96580172987325,471.93939838769063,110.41707055145372,4918.346397893618,5681.094329800485,4341.718212297089,336.10192679131944,615.2853438614281,116.42045275333378,13393.107930100807,14929.178173831211,12180.54029466991,112.96785857953182,206.80472847914513,39.13030004903659,4297.376784727586,4813.668279151832,3889.8183679544254,185740.78799999994,46222.375,382417.25,124725.85239999997,32731.125,254369.25,15635.412660854636,-37951.907656992844,83519.36880178028,-11509.766362754512,-30827.813447406574,12962.169409448921,2916.61647003681,1201.032527328607,5185.943806090621,1069.1079301008067,-143.4597053300895,2605.178173831211,944.3463978936179,367.71821229708894,1707.094329800485,323.3767847275858,-84.18163204557459,839.6682791518324
2021-01-16,5088,543718,0.0725044531528322,3203,365392,0.0706751985878199,93,12417,48,4022,570295.3311305711,506235.0948170319,651146.5592717722,356457.96483567747,333364.4670825024,385604.5581495342,33801.7856,29083.0,62396.75,11242.0,758172.5736,983499.75,596498.125,508744.2976,478841.0,656996.0,402515.375,21829.4452,18795.5,40374.5,7252.875,508744.2976,478841.0,656996.0,402515.375,843.8396726646563,1551.9426760210508,336.76513154919934,16084.456142701443,19060.764650916615,13865.949255907202,283.624559119431,521.6264078638839,113.19076959349908,5201.97095701304,6202.343676845338,4456.30438307312,362.72312591268957,666.014955496722,125.59921932833436,13755.83105601351,15585.323218475785,12306.283498660043,121.91556050516716,223.85555483923503,42.215392759686225,4419.292345232751,5034.20643946143,3932.0821556729475,214454.5736,52780.125,439781.75,143352.2976,37123.375,291604.0,26577.33113057108,-37482.90518296813,107428.55927177216,-8934.03516432253,-32027.53291749762,20212.55814953422,3667.4561427014432,1448.9492559072023,6643.764650916615,1338.8310560135105,-110.71650133995718,3168.3232184757853,1179.9709570130399,434.30438307312033,2180.3436768453385,397.29234523275136,-89.91784432705253,1012.2064394614299
2021-01-17,5648,549366,0.0901041749756712,3574,368966,0.0830892267633793,156,12573,58,4080,587537.3852680624,512195.76441211265,682738.1870837859,362673.6668280246,335513.26823939604,396993.2327451927,31901.9316,28646.0,57738.125,10325.25,790074.5052,1040405.25,607640.5,530633.9028,498435.5,695960.25,409881.625,21889.6052,19668.5,39611.375,7072.5,530633.9028,498435.5,695960.25,409881.625,884.8579881346868,1638.5925188458034,333.83482064996224,16969.314130836116,20694.03101048827,14214.243570158575,297.4113032343082,550.7504515241362,112.20585721760364,5499.382260247365,6751.303942834396,4573.3702482171575,390.1511904581152,716.3635801028677,134.96863735772723,14145.982246471602,16300.174888762936,12441.160835194532,131.13445950482054,240.77832692352735,45.36456569368771,4550.42680473756,5274.476595497997,3977.4160340730923,240708.5052,58274.5,491039.25,161667.90280000004,40915.625,326994.25,38171.38526806235,-37170.23558788735,133372.1870837859,-6292.333171975391,-33452.73176060396,28027.232745192712,4396.3141308361155,1641.2435701585746,8121.03101048827,1572.9822464716017,-131.8391648054676,3727.1748887629365,1419.3822602473647,493.3702482171575,2671.3039428343964,470.4268047375599,-102.5839659269077,1194.4765954979966
2021-01-18,10114,559480,0.1020729467331409,6028,374994,0.0882460583524865,131,12704,47,4127,606017.4163143489,518535.12464297214,716888.3448803728,369335.655293961,337798.58608510904,409304.2487159436,52733.4632,48796.5,93246.5,16814.125,842807.9684,1132580.75,624312.75,566988.9332,531619.5,759421.625,421435.75,36355.0304,33614.0,64248.875,11561.125,566988.9332,531619.5,759421.625,421435.75,951.6877258922752,1762.7210057462514,339.3499631573654,17921.00185672838,22482.262402387398,14557.379582276732,319.8735736413267,592.47151360709,114.05956226705166,5819.255833888676,7352.349800905201,4688.702346609371,418.1639875920464,768.9964094806712,144.58418348582563,14564.146234063628,17072.92067719542,12584.60713927699,140.54989408817454,258.46884742293526,48.59646521159324,4690.976698825734,5534.20565381955,4025.6300444718036,283327.9684,64832.75,573100.75,191994.93319999997,46441.75,384427.625,46537.41631434893,-40944.875357027864,157408.34488037275,-5658.344706039003,-37195.41391489096,34310.2487159436,5217.0018567283805,1853.3795822767315,9778.262402387398,1860.146234063628,-119.39286072301002,4368.92067719542,1692.2558338886756,561.7023466093706,3225.349800905201,563.9766988257343,-101.36995552819644,1407.2056538195502
2021-01-19,8621,568101,0.0924603174603174,5211,380205,0.0771074710347582,142,12846,44,4171,625749.1174063786,525368.7495123988,753172.7908150911,376448.8665628816,340262.084655357,422384.6683161368,51488.4944,49298.0,89069.0,16197.75,894296.4628,1220806.25,641240.0,604307.1928,565721.0,823402.625,433947.875,37318.2596,35770.0,64574.625,11777.75,604307.1928,565721.0,823402.625,433947.875,997.5819506894679,1825.2418475577742,339.7887824674276,18918.583807417894,24313.48882001562,14907.009520814281,335.29916892428685,613.4855127931838,114.20705466090472,6154.55500281296,7967.846798939876,4806.217130975374,446.4866314321899,820.3509906379543,153.97075895556839,15010.632865495882,17893.960888742025,12739.23760596563,150.06947183792815,275.7297334790543,51.75140496553988,4841.046170663668,5810.167042650544,4077.603185059644,326195.4628,73139.0,652705.25,224102.19279999996,53742.875,443197.625,57648.11740637862,-42732.25048760115,185071.7908150911,-3756.1334371183766,-39942.915344643,42179.66831613681,6072.583807417894,2061.009520814281,11467.48882001562,2164.6328654958816,-106.76239403436921,5047.960888742025,1983.55500281296,635.217130975374,3796.846798939876,670.0461706636679,-93.39681494035585,1639.1670426505443
2021-01-20,8360,576461,0.0923032758830089,5058,385263,0.0773323548298321,128,12974,54,4225,646732.0501865358,532723.4765765611,792011.2794598134,384013.14260835084,342913.4387980446,436385.8116441712,51590.2988,50814.0,87400.5,16136.875,945886.7616,1307584.25,658161.75,641564.4172,602843.5,886181.125,445927.75,37257.2244,36793.5,63107.875,11665.5,641564.4172,602843.5,886181.125,445927.75,1022.7655203291064,1838.8432258229727,336.9607011127998,19941.349327747,26163.558607538354,15269.826309609169,343.7636664674531,618.0570979400422,113.25650285190136,6498.318669280412,8589.677277909122,4928.164172690218,474.7993561671975,873.205827611589,163.20792527971332,15485.43222166307,18772.793680908257,12905.659512351955,159.58571565836706,293.4948733742177,54.85612652707234,5000.63188632202,6105.553205795426,4133.5395688961435,369425.76159999997,81700.75,731123.25,256301.41720000003,60664.75,500918.125,70271.05018653581,-43737.52342343889,215550.27945981338,-1249.8573916491587,-42349.561201955425,51122.81164417119,6967.349327747001,2295.8263096091687,13189.558607538354,2511.43222166307,-68.34048764804538,5798.793680908257,2273.318669280412,703.164172690218,4364.6772779091225,775.6318863220204,-91.46043110385654,1880.553205795426
2021-01-21,7270,583731,0.0907796813345986,4332,389595,0.0752645203884844,117,13091,49,4274,668949.8102581941,540399.4805277841,833434.0372689101,392022.569701066,345680.61216801644,451318.57523425046,46831.9356,47473.5,77819.25,14664.0,992718.6972,1384373.25,672946.0,675224.3628,637533.5,941899.875,456512.0,33659.9456,34203.0,55952.625,10513.75,675224.3628,637533.5,941899.875,456512.0,1012.0926860487066,1784.4142767400936,326.7450199000981,20953.442013795695,27965.08522109349,15608.127241398695,340.1763998155144,599.7628802266019,109.82289078800328,6838.495069095933,9195.191818245923,5041.871143026784,502.7408841283221,925.0454667366146,172.69623869226865,15988.173105791388,19710.103014378954,13079.351234675163,168.97719582434675,310.918793187465,58.04526161469514,5169.609082146387,6420.594030582296,4191.919424409517,408987.69720000005,89215.0,800642.25,285629.3628,66917.0,552304.875,85218.8102581941,-43331.51947221591,249703.0372689101,2427.569701066008,-43914.387831983564,61723.57523425046,7862.442013795695,2517.1272413986953,14874.08522109349,2897.1731057913876,-11.648765324836859,6619.103014378954,2564.495069095933,767.871143026784,4921.191818245923,895.6090821463868,-82.08057559048302,2146.594030582296
2021-01-22,7388,591119,0.0885787593218713,4187,393782,0.0708400304542762,104,13195,66,4340,692368.8219168901,548499.5609244365,876420.9936515305,400465.0439135338,348600.6636571349,466815.22710076993,49888.1116,51802.0,81472.875,15630.125,1042606.8088,1465415.875,688733.625,710576.984,675035.5,999203.75,467677.875,35352.6212,36692.5,57731.875,11038.0,710576.984,675035.5,999203.75,467677.875,1028.7338702478523,1775.3752454637652,325.3546172795417,21982.17588404358,29757.33126418607,15949.409861504837,345.7696999228732,596.7247542132563,109.35555991576716,7184.264769018791,9797.587048373585,5156.580294300827,529.9226649639533,974.2529067543333,181.8901479276061,16518.095770755353,20682.80685077296,13262.638909354762,178.11331593735628,327.45799954683184,61.13544395374348,5347.722398083733,6747.53136914076,4253.524593740878,451487.8088,97614.625,874296.875,316794.98400000005,73895.875,605421.75,101249.8219168901,-42619.43907556345,285301.9936515305,6683.043913533795,-45181.33634286508,73033.22710076993,8787.17588404358,2754.409861504837,16562.33126418607,3323.0957707553534,67.63890935476229,7487.806850772959,2844.2647690187914,816.5802943008266,5457.587048373585,1007.7223980837334,-86.47540625912188,2407.53136914076
2021-01-23,2447,593566,0.0813335106029382,1547,395329,0.0711624269745618,117,13312,52,4392,716936.1188841364,556954.6198279337,921375.5527805901,409321.4710821426,351648.68369307736,483021.1930788022,18349.6892,19491.0,29494.375,5709.125,1060956.498,1494726.75,694414.125,723835.9436,689087.5,1020532.125,471826.75,13258.9596,14053.0,21302.0,4132.5,723835.9436,689087.5,1020532.125,471826.75,978.780969932165,1668.424554612458,308.81040196537117,22960.95685397576,31408.829495307044,16265.115632785133,328.97993548333704,560.7773538683151,103.79485220497516,7513.244704502134,10352.67526342407,5262.69276221559,555.9059310264546,1023.1796612055546,190.7997923970459,17074.00170178179,21700.033372674763,13453.958996293832,186.84660096789858,343.90286414599484,64.13008152106246,5534.568999051634,7089.433312300105,4317.829552451144,467390.4979999999,100848.125,901160.75,328506.9436,76497.75,625203.125,123370.11888413643,-36611.380172066274,327809.55278059014,13992.471082142612,-43680.31630692264,87692.1930788022,9648.95685397576,2953.115632785133,18096.829495307044,3762.001701781792,141.95899629383166,8388.033372674763,3121.2447045021336,870.6927622155899,5960.675263424069,1142.568999051634,-74.17044754885592,2697.433312300105
2021-01-24,4945,598511,0.0938205551444779,3100,398429,0.0838858070626437,133,13445,79,4471,742579.4665012867,565811.4887558399,968890.5120388904,418565.8108576318,354841.5548789668,500150.17461273156,32696.8468,35261.5,51819.375,10188.5,1093653.3448,1546636.75,704234.875,746763.9552,713388.0,1057005.875,478716.125,22928.0116,24782.5,36337.75,7144.375,746763.9552,713388.0,1057005.875,478716.125,981.364366932525,1649.7811990443524,308.3986553015098,23942.32122090826,33037.75611642719,16587.259764215214,329.848245968128,554.5111001298374,103.65645924978521,7843.092950470276,10900.176891658968,5370.969239619467,580.2546796560183,1069.3499025913181,199.04727179554314,17654.25638143775,22775.196330137354,13654.371193610881,195.03050523180073,359.4212318900993,66.90215752557022,5729.599504283441,7450.808381131519,4385.1904776926785,495142.3448000001,105723.875,948125.75,348334.95519999997,80287.125,658576.875,144068.46650128672,-32699.511244160123,370379.5120388904,20136.81085763179,-43587.445121033175,101721.17461273156,10497.32122090826,3142.259764215214,19592.75611642719,4209.25638143775,209.37119361088116,9330.196330137354,3372.0929504702763,899.9692396194669,6429.176891658968,1258.599504283441,-85.80952230732146,2979.808381131519
2021-01-25,8724,607235,0.0986587655214529,4922,403351,0.0799869992687088,130,13575,61,4532,769207.2619556998,574886.6139413951,1018014.9805793853,428165.04073697317,358113.1067049176,517859.3787797801,55682.6196,61066.0,87139.375,17382.5,1149335.9644,1633808.0,721342.25,785511.6388,756211.0,1117307.0,490529.625,38747.6836,42441.0,60652.5,12105.875,785511.6388,756211.0,1117307.0,490529.625,990.8892576559324,1630.1781787788268,311.00773107045273,24933.21047856411,34641.897474039826,16915.861853158378,333.04967512534733,547.9222916626293,104.5334006743794,8176.142625595622,11439.347897783184,5481.416313419547,602.5306505229743,1113.663587113819,207.08780963854755,18256.78703196077,23886.77907595545,13859.722068075542,202.51772421517228,374.31558877185563,69.60467800982754,5932.117228498605,7824.424574373377,4454.211351113943,542100.9643999999,114107.25,1026573.0,382160.63879999996,87178.625,713956.0,161972.26195569977,-32348.386058604927,410779.9805793853,24814.04073697317,-45237.89329508238,114508.37877978012,11358.21047856411,3340.861853158378,21066.897474039826,4681.787031960768,284.72206807554176,10311.779075955448,3644.142625595622,949.4163134195469,6907.347897783184,1400.117228498605,-77.78864888605676,3292.4245743733773
2021-01-26,7787,615022,0.0963773407428493,4531,407882,0.0788329041686965,144,13719,53,4585,796709.0088151917,584249.1751452967,1069004.768870415,438079.3271314145,361488.27823984646,536241.0243854941,51551.2672,57418.0,79758.625,16142.625,1200887.2316,1712846.75,737073.875,822182.5036,797624.5,1173745.75,502003.375,36670.8648,40904.0,56752.625,11505.875,822182.5036,797624.5,1173745.75,502003.375,991.077200976317,1599.5549752321526,309.43751759080084,25924.287679540375,36225.47453714662,17241.655693817327,333.11284511262255,537.6294684094594,104.00563323191804,8509.25547070822,11971.606999724929,5590.919501541684,622.3063210071886,1149.9678556595143,213.73622110774124,18879.09335296796,25040.570059577047,14071.577011245952,209.1645624761246,386.5178855990614,71.83928824786027,6141.281790974721,8212.227458791327,4525.418319452179,585865.2316,122051.875,1097824.75,414300.50360000005,94121.375,765863.75,181687.0088151917,-30772.82485470327,453982.76887041493,30197.327131414495,-46393.72176015354,128359.02438549406,12205.287679540375,3522.655693817327,22506.47453714662,5160.0933529679605,352.57701124595224,11321.570059577047,3924.25547070822,1005.9195015416844,7386.606999724929,1556.281790974721,-59.581680547820724,3627.227458791327
2021-01-27,7726,622748,0.0929052429052429,4562,412444,0.0768867765530724,109,13828,62,4647,824956.6467732906,593722.8123421539,1120779.3218200845,448262.5047351471,364903.49229321355,554905.5749869433,53681.644,60536.0,82223.625,16894.875,1254568.8756,1794725.5,754402.5,860485.1,841379.5,1232636.25,514196.25,38302.5964,43130.5,58665.25,12048.75,860485.1,841379.5,1232636.25,514196.25,997.8269292062209,1582.997829698901,312.8805924904699,26922.114608746695,37791.95718391389,17550.083846181118,335.38150912001134,532.0644146981118,105.16289169234346,8844.636979828218,12498.12046484162,5694.5858751052365,639.1842578094364,1177.7759903009253,219.89898480530456,19518.27761077745,26212.118606384356,14285.945369032583,214.83743795170756,395.8645306823606,73.91066648865703,6356.119228926444,8605.998871583482,4597.470076362821,631820.8755999999,131654.5,1171977.5,448041.1,101752.25,820192.25,202208.6467732906,-29025.187657846138,498031.3218200845,35818.504735147115,-47540.50770678645,142461.57498694328,13094.114608746695,3722.083846181118,23963.957183913888,5690.277610777452,457.9453690325827,12384.118606384356,4197.636979828218,1047.5858751052365,7851.120464841621,1709.1192289264436,-49.52992363717931,3958.9988715834825
2021-01-28,7120,629868,0.0938336035003097,4259,416703,0.0805835162340119,127,13955,49,4696,853806.6317600315,603435.7461071874,1174522.2796219466,458662.82639817736,368404.9719471707,574279.7288563068,49492.5804,56280.5,75101.25,15537.375,1304061.456,1870139.625,770005.25,894958.5992,880333.5,1285032.625,525313.75,34473.4992,39224.5,52308.25,10796.125,894958.5992,880333.5,1285032.625,525313.75,1006.4086638894178,1573.9523333130319,315.7389790460687,27928.5232726361,39365.89446564377,17876.150898328553,338.2659323047111,529.0241156844886,106.12362944014882,9182.902912132955,13027.139521509838,5804.180892860988,652.8140961349391,1200.9709675250633,224.21104309377736,20171.09170691234,27428.207988654915,14505.728501659964,219.41858886362402,403.6606386423093,75.36000061050913,6575.53781779006,9014.740989392605,4671.341803555364,674193.456,140137.25,1240271.625,478255.59920000006,108610.75,868329.625,223938.63176003145,-26432.253892812645,544654.2796219466,41959.82639817736,-48298.02805282932,157576.72885630676,13973.5232726361,3921.150898328553,25410.894465643767,6216.091706912339,550.7285016599635,13473.207988654915,4486.902912132955,1108.180892860988,8331.139521509838,1879.5378177900602,-24.658196444635905,4318.740989392605
2021-01-29,6712,636580,0.0936579920463266,3963,420666,0.0810528899251441,94,14049,44,4740,883102.683551385,613555.4974222162,1228247.1681490915,469223.9536301949,372053.10794705176,593647.3688134667,41312.1628,47737.5,66122.0,7972.625,1345373.6188,1936765.5,778356.25,923144.5236,912469.5,1329869.5,530822.25,28185.9244,32565.5,45134.875,5456.0,923144.5236,912469.5,1329869.5,530822.25,978.6825334673221,1524.048556839165,290.3642322382512,28907.205806103462,40888.670082821336,18134.13244745868,328.94684981570856,512.250862352964,97.59487497496914,9511.849761948642,13538.962533689364,5890.8915625571935,662.9076437746204,1221.479394547653,227.5300783837136,20833.999350686903,28643.8885014842,14734.717054370378,222.81115037974254,410.55376509860315,76.47556788152565,6798.348968169801,9423.345681315299,4748.307582019892,708793.6188,141776.25,1300185.5,502478.52359999996,110156.25,909203.5,246522.68355138495,-23024.502577783773,591667.1681490915,48557.95363019488,-48612.89205294824,172981.36881346675,14858.205806103462,4085.13244745868,26839.670082821336,6784.999350686903,685.7170543703778,14594.888501484202,4771.8497619486425,1150.8915625571935,8798.962533689364,2058.348968169801,8.307582019891925,4683.345681315299
2021-01-30,2599,639179,0.0998731891019482,1543,422209,0.0852863143931019,80,14129,38,4778,912678.7609093587,623639.9750917053,1281993.6448693173,479886.02912849834,375688.527917444,613022.7912409559,14343.5936,16877.5,22574.25,2697.0,1359717.2124,1958893.625,781051.0,933117.6348,925102.0,1345385.5,532860.125,9973.1112,11715.5,15710.0,1904.75,933117.6348,925102.0,1345385.5,532860.125,965.7368459652131,1501.3895601077088,279.79862697166925,29872.94265206866,42373.119035586176,18412.566794893028,324.59565013972076,504.63490381696147,94.04364927103722,9836.445412088424,14037.903497716004,5984.476661235243,669.2440296428396,1234.7988327308458,230.6104049696382,21503.24338032979,29860.057509429156,14962.90743914271,224.94088509890958,415.0305868276614,77.51090231551585,7023.289853268711,9832.114562261459,4825.005086738974,720538.2124000001,141872.0,1319714.625,510908.6348,110651.125,923176.5,273499.76090935874,-15539.024908294668,642814.6448693173,57677.02912849834,-46520.47208255599,190813.79124095594,15743.942652068661,4283.566794893028,28244.119035586176,7374.24338032979,833.9074391427093,15731.057509429156,5058.445412088424,1206.4766612352432,9259.903497716004,2245.2898532687113,47.00508673897366,5054.114562261459
2021-01-31,5166,644345,0.0971143904502302,3159,425368,0.0851275970788757,100,14229,51,4829,942363.3305975312,633871.3181797153,1335399.921107471,490587.21574358613,379376.8923727119,632275.5725493913,27432.9076,33437.0,42690.5,5177.625,1387150.12,2001082.375,786500.375,952257.0236,948221.0,1374745.125,536351.875,19139.3888,23299.0,29760.25,3605.25,952257.0236,948221.0,1374745.125,536351.875,948.7106916463891,1467.102659798295,263.9813324114601,30821.653343715014,43822.32990880044,18682.653823895977,318.87295699242304,493.1106684688874,88.72726827897603,10155.318369080822,14525.0005237287,6075.25612682133,671.698981439583,1238.4853337318686,231.667679646564,22174.94236176936,31068.52850053596,15194.421077479623,225.76602362174293,416.2696636985162,77.86626492031529,7249.055876890464,10238.296048110487,4902.819576541395,742805.1200000001,142155.375,1356737.375,526889.0236,110983.875,949377.125,298018.33059753117,-10473.681820284692,691054.921107471,65219.21574358613,-45991.10762728809,206907.5725493913,16592.653343715014,4453.6538238959765,29593.329908800442,7945.942361769361,965.4210774796229,16839.52850053596,5326.318369080822,1246.2561268213303,9696.0005237287,2420.055876890464,73.81957654139478,5409.296048110487
2021-02-01,8831,653176,0.0995816465759294,5167,430535,0.0838580888081017,104,14333,47,4876,971983.1385030964,644170.9402940396,1391384.685094173,501265.0559558631,383089.87118520867,652457.88993909,41688.2748,50126.0,64651.125,8007.375,1428838.3948,2060338.875,795020.625,981222.1356,984414.0,1416147.875,542400.25,28965.112,34810.0,44842.25,5579.75,981222.1356,984414.0,1416147.875,542400.25,903.471443217678,1382.5463002566296,235.96114359353416,31725.124786932778,45183.86962024479,18908.71753129394,303.66750706380077,464.69026946107783,79.30934926263977,10458.985876144594,14982.63022862581,6151.238829958746,670.2335593743801,1234.1241107147516,231.29112597224974,22845.175921143757,32335.345211744076,15427.479725662077,225.27347782112378,414.8038047261057,77.73970074785237,7474.32935471158,10664.088225037816,4981.153362544827,775662.3947999999,141844.625,1407162.875,550687.1356,111865.25,985612.875,318807.1385030964,-9005.059705960448,738208.6850941731,70730.05595586309,-47445.12881479133,221922.88993909,17392.124786932778,4575.71753129394,30850.86962024479,8512.175921143757,1094.4797256620768,18002.345211744076,5582.985876144594,1275.2388299587456,10106.63022862581,2598.32935471158,105.15336254482736,5788.088225037816
2021-02-02,7943,661119,0.0937370924153557,4611,435146,0.0779569892473118,139,14472,61,4937,1001367.260910825,654375.2660171025,1447786.4251202221,511857.93234614993,386768.4959721175,672790.5257756432,35416.6188,40535.0,55660.375,7268.0,1464255.0136,2105808.375,802065.75,1005945.0032,1019062.0,1447710.375,547157.5,24722.8676,28328.5,38853.375,5055.125,1005945.0032,1019062.0,1447710.375,547157.5,851.3233770225609,1294.3197788426846,205.60664616213714,32576.448163955323,46441.6267802198,19128.490458136355,286.13992124075446,435.0362853580864,69.10684133351421,10745.125797385326,15405.377382538052,6225.1071268654705,664.900495412229,1222.281584293537,229.5332040569016,23510.07641655602,33611.59720814771,15658.382018215416,223.48097153821266,410.8233906215274,77.14884226565685,7697.810326249798,11093.051713637771,5058.762371751878,803136.0136,140946.75,1444689.375,570799.0032,112011.5,1012564.375,340248.260910825,-6743.73398289748,786667.4251202221,76711.93234614993,-48377.504027882474,237644.52577564318,18104.448163955323,4656.490458136355,31969.626780219798,9038.076416556021,1186.3820182154159,19139.59720814771,5808.125797385326,1288.1071268654705,10468.377382538052,2760.810326249798,121.76237175187816,6156.051713637771
2021-02-03,7373,668492,0.0896860441070929,4214,439360,0.0736790572437668,134,14606,57,4994,1030351.0105060742,664523.031143931,1502200.46340156,522306.47569651325,390426.7308560659,692406.6018800281,30060.2796,32581.5,48965.875,6656.125,1494315.2932,2139488.75,809037.25,1026859.2044,1051563.5,1471336.375,551859.25,20914.2012,22622.5,34144.625,4667.25,1026859.2044,1051563.5,1471336.375,551859.25,774.9679300586993,1175.0676008131677,171.8139226632265,33351.41609401405,47563.96905565891,19312.093750488315,260.4759465746826,394.9542087346343,57.74870469417152,11005.601743960053,15782.609981767857,6286.818379053651,655.8409060982704,1204.2228693021725,226.5983144127756,24165.91732265427,34842.871721254356,15888.00446419259,220.4359357236948,404.75364154050186,76.16239091909847,7918.246261973488,11506.897734685946,5135.941209289282,825823.2932,140545.25,1470996.75,587499.2044,112499.25,1031976.375,361859.0105060742,-3968.9688560690265,833708.46340156,82946.47569651325,-48933.26914393413,253046.60188002815,18745.41609401405,4706.093750488315,32957.96905565891,9559.91732265427,1282.0044641925906,20236.871721254356,6011.601743960053,1292.8183790536514,10788.609981767857,2924.246261973488,141.9412092892817,6512.8977346859465
2021-02-04,7179,675671,0.0890065338408321,3995,443355,0.0735280584543463,122,14728,49,5043,1058779.3620570272,674474.3841056492,1556031.2148935334,532554.7999370776,394014.15982116817,711812.405076681,25634.944,26625.5,43214.0,6024.25,1519950.2372,2163600.0,815248.375,1044123.7924,1078026.0,1487831.375,556178.125,17264.588,17871.0,29075.875,4052.25,1044123.7924,1078026.0,1487831.375,556178.125,697.841639033168,1072.3244840646953,140.8630188767172,34049.257733047125,48514.736280763325,19476.102912100367,234.55288204329247,360.4210241329638,47.34573748942245,11240.15462600334,16102.174164136664,6341.943810650005,643.2734239157782,1176.6844455983685,222.42171366188126,24809.190746570053,36060.94768890728,16113.182518600916,216.2118553578181,395.4976495139934,74.75858568812417,8134.458117331311,11916.30756749056,5211.626233913993,844279.2372000001,139577.375,1487929.0,600768.7924,112823.125,1044476.375,383108.3620570272,-1196.6158943508053,880360.2148935334,89199.79993707757,-49340.84017883183,268457.40507668105,19321.257733047125,4748.102912100367,33786.736280763325,10081.190746570053,1385.1825186009155,21332.947688907283,6197.154626003339,1298.9438106500047,11059.174164136664,3091.458117331311,168.62623391399302,6873.307567490559
2021-02-05,6526,682197,0.0807203730503296,3787,447142,0.0703851014794439,109,14837,33,5076,1086510.2531137008,684192.3799743352,1607531.3459990364,542551.6920368277,397517.46434630983,730378.0275347704,22342.958,22137.0,39487.75,4821.125,1542293.1952,2181343.125,820833.5,1058995.1532,1102718.5,1499639.0,560627.125,14871.3608,14741.0,26241.5,3265.625,1058995.1532,1102718.5,1499639.0,560627.125,636.5423240693816,997.894102340857,134.16072062993754,34685.800057116474,49285.751283968886,19618.602916916207,213.94945257187885,335.40408681019835,45.09301526397043,11454.104078575223,16361.321484940043,6389.839758600383,627.4913691810053,1146.9251348897988,217.27474349028515,25436.682115751024,37226.28665022463,16333.080195919463,210.90731889058418,385.49519092756185,73.02862774349464,8345.365436221895,12307.991864680123,5285.536460940787,860096.1952,138636.5,1499146.125,611853.1532000001,113485.125,1052497.0,404313.2531137008,1995.3799743351992,925334.3459990364,95409.69203682768,-49624.53565369017,283236.02753477043,19848.800057116474,4781.602916916207,34448.751283968886,10599.682115751024,1496.0801959194632,22389.286650224632,6378.104078575223,1313.839758600383,11285.321484940043,3269.365436221895,209.53646094078704,7231.991864680123
2021-02-06,2629,684826,0.0945309409945704,1573,448715,0.0853499728703201,93,14930,53,5129,1113417.2169161714,693499.9770757871,1656986.6519850632,552251.5611580691,400872.8215088686,748206.497477981,6710.7896,6438.0,12346.75,1357.875,1549003.9848,2185704.875,823112.875,1063443.4148,1110387.5,1502330.25,561560.375,4448.2616,4261.0,8144.125,891.75,1063443.4148,1110387.5,1502330.25,561560.375,611.8782376185209,967.1331111471002,132.39695793341656,35297.678294735,50019.46803312392,19750.095803359764,205.65955951243149,325.06495148860853,44.5001936256936,11659.76363808766,16607.932418555552,6434.036083036193,608.8476393494532,1112.8411058814922,210.78294344614085,26045.529755100513,38345.35554718186,16543.691417788905,204.64093935770634,374.0391430387865,70.84665646973629,8550.006375579602,12684.124242435602,5356.325399744406,864177.9848,138286.875,1500878.875,614728.4147999999,112845.375,1053615.25,428591.21691617137,8673.977075787145,972160.6519850632,103536.56115806906,-47842.1784911314,299491.497477981,20367.678294735,4820.0958033597635,35089.46803312392,11115.529755100513,1613.6914177889048,23415.35554718186,6530.763638087659,1305.0360830361933,11478.932418555552,3421.006375579602,227.32539974440624,7555.124242435602
2021-02-07,4564,689390,0.0892504448833525,2791,451506,0.0808212434482958,104,15034,44,5173,1139390.8468527908,702464.2100759861,1703148.92722631,561614.9665886582,404104.3970783967,764847.8410151401,10838.5648,9946.5,20627.5,1949.75,1559842.5496,2190810.375,826629.25,1070760.982,1124681.5,1505914.25,564196.0,7317.5672,6685.0,13908.375,1323.75,1070760.982,1124681.5,1505914.25,564196.0,558.2484536561665,894.9335962840847,126.17954290217531,35855.926748391284,50624.10175194763,19872.623562810422,187.63395070932532,300.7978350741882,42.41044642107371,11847.397588797005,16811.157009061702,6475.219121568081,587.72826946735,1076.9255866289227,203.4915811866833,26633.258024567862,39389.91012844062,16746.533036814264,197.54246773361672,361.96750947670387,68.39594281735681,8747.548843313203,13035.211471660286,5424.502882542138,870452.5496,137239.25,1501420.375,619254.9820000001,112690.0,1054408.25,450000.8468527908,13074.210075986106,1013758.9272263099,110108.96658865816,-47401.602921603306,313341.84101514006,20821.926748391284,4838.623562810422,35590.10175194763,11599.258024567862,1712.533036814264,24355.91012844062,6674.397588797005,1302.2191215680814,11638.157009061702,3574.548843313203,251.50288254213774,7862.211471660286
2021-02-08,7777,697167,0.0891408005135023,4448,455954,0.0764366235908716,116,15150,30,5203,1164340.0151547147,711068.7147524795,1748471.2247865233,570609.0570772422,407206.2918082447,781186.3754493989,16332.5912,14522.5,31984.75,2680.625,1576175.1408,2196775.5,831933.0,1081654.3932,1149853.5,1510017.125,567452.125,10893.4112,9648.0,21350.5,1798.375,1081654.3932,1149853.5,1510017.125,567452.125,476.28117523916467,795.0217934450102,115.60747252605286,36332.20792363037,51085.033278836454,20013.935536403307,160.08377268815144,267.21628878165996,38.857047716864,12007.481361485126,16966.08158221583,6522.715758082002,564.5468710581397,1033.2641025683167,195.51432223702886,27197.804895626003,40415.45779268125,16941.234765278088,189.75092377500815,347.29236493403823,65.71469112243156,8937.299767088229,13379.910249815272,5489.9444512242135,879008.1407999999,134766.0,1499608.5,625700.3932,111498.125,1054063.125,467173.0151547147,13901.714752479456,1051304.2247865233,114655.05707724218,-48747.708191755286,325232.3754493989,21182.20792363037,4863.935536403307,35935.033278836454,12047.804895626003,1791.2347652780882,25265.45779268125,6804.481361485126,1319.7157580820021,11763.08158221583,3734.2997670882287,286.9444512242135,8176.9102498152715
2021-02-09,6109,703276,0.0784522724062207,3443,459397,0.0649034836374604,109,15259,42,5245,1188192.2951061397,719278.0082709787,1792691.0351611068,579207.7230386093,410165.71425708995,797127.4669953795,12940.3764,10878.5,26302.0,1803.25,1589115.5172,2200600.75,835936.5,1090470.0444,1166593.5,1512828.375,570265.625,8815.6512,7441.0,17919.5,1244.375,1090470.0444,1166593.5,1512828.375,570265.625,403.60232487110846,706.5782867921116,96.70914920044332,36735.810248501526,51375.41882573274,20126.358006386672,135.655545904437,237.48937335684616,32.50509627993205,12143.136907389593,17063.683621301083,6560.502288529737,539.7266093692572,988.4105843886773,187.04993731677934,27737.53150499524,41416.058505444504,17126.993701743686,181.40853835893873,332.21656353389346,62.8697105900017,9118.708305447144,13716.224060608152,5552.380241059953,885839.5171999999,132660.5,1497324.75,631073.0444,110868.625,1053431.375,484916.29510613973,16002.008270978695,1089415.0351611068,119810.72303860926,-49231.285742910055,337730.46699537954,21476.810248501526,4867.358006386672,36116.41882573274,12478.53150499524,1867.993701743686,26157.058505444504,6898.136907389593,1315.5022885297367,11818.683621301083,3873.708305447144,307.3802410599528,8471.224060608152
2021-02-10,5628,708904,0.0761126813897191,3200,462597,0.0630454912622889,123,15382,33,5278,1210893.762903805,727081.4907082431,1835133.909906773,587391.5251247152,412978.84318858315,812427.9792785378,10958.0652,8752.5,22879.0,1342.0,1600073.5824,2203751.25,840560.0,1097992.6468,1181059.0,1514938.875,573124.875,7522.6024,6029.5,15711.625,929.25,1097992.6468,1181059.0,1514938.875,573124.875,341.8692346757249,626.357591336052,73.61456571369513,37077.67948317727,51578.06054572163,20197.920815711772,114.90631941398772,210.52624266031046,24.742731850215428,12258.043226803551,17131.793915653052,6584.555400633469,513.6861661480569,939.1865742346799,178.34482628721963,28251.217671143295,42376.450926001875,17303.569992384007,172.65603540471662,315.67178775447104,59.9438191466093,9291.36434085185,14039.02338574782,5611.729634322846,891169.5824,131656.0,1494847.25,635395.6468,110527.875,1052341.875,501989.7629038049,18177.490708243102,1126229.909906773,124794.52512471518,-49618.15681141685,349830.9792785378,21695.67948317727,4815.920815711772,36196.06054572163,12869.217671143295,1921.5699923840075,26994.450926001875,6980.043226803551,1306.5554006334687,11853.793915653052,4013.364340851849,333.7296343228463,8761.02338574782
2021-02-11,4963,713867,0.0678970121484075,2898,465495,0.0593925482641308,94,15476,31,5309,1232407.8154422524,734516.6060412161,1875423.4240091783,595147.2680402839,415659.1770293173,826952.2123588921,9705.6956,7523.5,20661.75,1036.75,1609779.278,2205851.25,843921.0,1104472.8964,1196828.0,1516391.25,575274.875,6480.2496,5011.0,13759.125,684.375,1104472.8964,1196828.0,1516391.25,575274.875,290.3914800889212,553.2889233091837,53.4292815201774,37368.0709632661,51713.848238105384,20317.849702144482,97.60403330193982,185.9669935210485,17.958217545491543,12355.647260105516,17177.433775491092,6624.864927006827,486.8174721250005,890.5989359447976,169.05060025907807,28738.03514326827,43288.117353023095,17471.810915143044,163.62514749642486,299.34090413400077,56.81991913932015,9454.989488348288,14345.445324421751,5668.277411215935,895912.2779999999,130054.0,1491984.25,638977.8964,109779.875,1050896.25,518540.81544225244,20649.60604121606,1161556.4240091783,129652.26804028393,-49835.8229706827,361457.2123588921,21892.070963266102,4841.849702144482,36237.848238105384,13262.03514326827,1995.8109151430435,27812.117353023095,7046.647260105516,1315.8649270068272,11868.433775491092,4145.989488348288,359.277411215935,9036.445324421751
2021-02-12,4612,718479,0.0711937142063259,2632,468127,0.0625044527298202,93,15569,40,5349,1252715.2839945767,741520.4393799237,1913432.313217978,602468.0415243283,418184.0351750073,840654.2879061624,7734.8092,5697.0,16663.25,722.75,1617514.0872,2207011.375,846663.875,1109501.6224,1207708.0,1517103.875,577136.25,5028.726,3704.5,10809.5,473.75,1109501.6224,1207708.0,1517103.875,577136.25,243.15531448577647,489.32959462489725,37.81321349441662,37611.22627775203,51799.64410730473,20412.154672407,81.72739573952401,164.46950177315273,12.709471187075685,12437.374655845035,17206.27078845007,6656.561950126177,459.51503038440524,841.3287507009361,159.51070655385257,29197.55017365268,44148.17806589137,17630.292839226873,154.44847181689994,282.780608357203,53.613447301314864,9609.437960165222,14634.521968250214,5721.545072482364,899035.0872,128184.875,1488532.375,641374.6224,109009.25,1048976.875,534236.2839945767,23041.439379923744,1194953.313217978,134341.0415243283,-49942.9648249927,372527.28790616244,22042.22627775203,4843.154672406999,36230.64410730473,13628.550173652678,2061.292839226873,28579.17806589137,7088.374655845035,1307.5619501261772,11857.27078845007,4260.437960165222,372.54507248236405,9285.521968250214
2021-02-13,1865,720344,0.078288976576274,1138,469265,0.0726970742302287,83,15652,29,5378,1271811.8129590235,748054.3779162948,1949250.795462096,609352.2753972011,420539.4978394055,853566.7291775015,2566.1204,1833.0,5610.0,220.375,1620080.2076,2207445.625,847838.375,1111186.5916,1212864.0,1517328.875,578359.25,1684.9692,1203.0,3703.25,146.0,1111186.5916,1212864.0,1517328.875,578359.25,229.75078393633444,466.59624913372517,32.786186757322156,37840.977061688325,51879.21230484592,20467.795661166496,77.22197345322293,156.82855373395603,11.01982765859866,12514.596629298256,17233.014606830027,6675.263548803149,432.11403059550065,790.2391493001634,150.17295762267008,29629.66420424825,44958.67450538226,17778.14203851702,145.2386696040942,265.6087851515879,50.47491872821347,9754.676629769296,14906.939469779354,5771.238948372805,899736.2076000001,127494.375,1487101.625,641921.5915999999,109094.25,1048063.875,551467.8129590235,27710.37791629485,1228906.795462096,140087.27539720107,-48725.50216059451,384301.7291775015,22188.977061688325,4815.795661166496,36227.21230484592,13977.664204248249,2126.1420385170204,29306.67450538226,7136.596629298256,1297.2635488031492,11855.014606830027,4376.676629769296,393.23894837280477,9528.939469779354
2021-02-14,3448,723792,0.0771071404611221,2145,471410,0.0722052041606355,123,15775,37,5415,1289706.3889573445,754160.5912239956,1982068.9290583148,615803.2093055383,422740.7670106838,865397.5549452719,4358.97,2919.0,9766.625,335.375,1624439.1776,2208207.5,849793.125,1114084.2384,1217992.0,1517618.0,579599.25,2897.6468,1964.5,6485.5,218.375,1114084.2384,1217992.0,1517618.0,579599.25,208.79530801070078,433.497716771727,27.062544467237508,38049.77236969885,51934.04386189094,20522.49197620132,70.1785885389092,145.70374299943802,9.096043350192819,12584.775217837141,17251.444145872225,6693.647631395785,404.91637903556244,741.2382646539158,140.39312520098787,30034.580583283703,45701.27940553376,17916.312721209084,136.09721515171842,249.13900451142462,47.187800631356865,9890.773844921034,15156.537816750057,5817.679759620774,900647.1776,126001.125,1484415.5,642674.2383999999,108189.25,1046208.0,565914.3889573445,30368.59122399555,1258276.9290583148,144393.20930553833,-48669.232989316224,393987.5549452719,22274.772369698847,4747.49197620132,36159.04386189094,14259.580583283703,2141.312721209084,29926.279405533758,7169.775217837141,1278.6476313957846,11836.444145872225,4475.773844921034,402.67975962077435,9741.537816750057
2021-02-15,5147,728939,0.0763751836298615,3011,474421,0.0655791261924467,110,15885,16,5431,1306419.5815097194,759862.5676072186,2013083.1782092426,621828.2584915529,424796.31014277786,876578.0864933892,5963.3448,3915.5,13647.75,405.75,1630402.5224,2209073.625,852084.0,1118147.0632,1225923.5,1518016.625,581103.375,4062.8248,2667.0,9279.5,284.0,1118147.0632,1225923.5,1518016.625,581103.375,175.29942031867805,370.6261427676317,19.260369459878213,38225.07179001762,51965.176563210836,20576.86972969802,58.92022194781961,124.57185854827561,6.473639452486612,12643.695439784982,17261.90821739208,6711.924641663275,378.18417217967857,692.864110944346,130.9367285623751,30412.764755463428,46403.06621880496,18045.336377911408,127.11220220506802,232.87987559973533,44.00939315139606,10017.886047126061,15392.41671881843,5861.046146546642,901463.5223999999,123145.0,1480134.625,643726.0632,106682.375,1043595.625,577480.5815097194,30923.567607218632,1284144.1782092426,147407.2584915529,-49624.68985722214,402157.0864933892,22340.071790017617,4691.869729698021,36080.176563210836,14527.764755463428,2160.336377911408,30518.06621880496,7212.695439784982,1280.924641663275,11830.90821739208,4586.886047126061,430.0461465466424,9961.41671881843
2021-02-16,4523,733462,0.0640923905342213,2629,477050,0.0546206266101554,83,15968,43,5474,1321981.6905047393,765411.3597248374,2042192.1904065784,627438.345962228,426796.63086707063,887071.7865866284,5681.5932,3576.5,13153.0,352.25,1636084.1156,2209680.375,854122.0,1122022.3436,1233586.5,1518349.875,582973.75,3875.2804,2431.0,8944.125,243.0,1122022.3436,1233586.5,1518349.875,582973.75,151.8493379140932,326.8298744628173,14.444266921542955,38376.921127931615,51996.76383581081,20636.82566725464,51.03837009992973,109.8514114166489,4.854890058071559,12694.733809884918,17272.525075730413,6732.076545996464,352.1375876697206,646.4135678561158,121.78336317211608,30764.902343133122,47061.74155245654,18170.89379891418,118.35763509058764,217.2672951166973,40.932838081315865,10136.243682216696,15613.805339384051,5903.247490391537,902622.1155999999,120660.0,1476218.375,644972.3436,105923.75,1041299.875,588519.6905047393,31949.359724837355,1308730.1904065784,150388.34596222802,-50253.369132929365,410021.7865866284,22408.921127931615,4668.825667254641,36028.76383581081,14796.902343133122,2202.8937989141814,31093.741552456537,7220.733809884918,1258.0765459964641,11798.525075730413,4662.2436822166965,429.2474903915372,10139.805339384051
2021-02-17,4022,737484,0.0657769927713996,2395,479445,0.0597361135360287,97,16065,27,5501,1336430.8210755414,770280.7804145009,2068367.4279023262,632647.2084887248,428552.04049755685,896507.8708579743,4489.0596,2656.0,10443.625,247.125,1640573.1752,2210109.375,856452.375,1124966.3608,1239576.5,1518582.0,584446.875,2944.0172,1738.5,6864.75,162.375,1124966.3608,1239576.5,1518582.0,584446.875,130.93243929708785,288.84331521884576,11.199186001552142,38507.853567228776,52018.27507356416,20680.317853172914,44.007951478273135,97.08367665962572,3.7641797311525815,12738.741761363206,17279.75525881086,6746.694787418151,326.95324166884126,601.2740001143308,112.99267158161217,31091.85558480202,47654.031774262796,18281.07848246547,109.89287660316697,202.0953490535578,37.978181992632074,10246.136558819828,15812.881133604627,5940.281874180657,903089.1751999999,118968.375,1472625.375,645521.3607999999,105001.875,1039137.0,598946.8210755414,32796.780414500856,1330883.4279023262,153202.20848872478,-50892.95950244315,417062.8708579743,22442.853567228776,4615.317853172914,35953.27507356416,15026.855584802019,2216.0784824654693,31589.031774262796,7237.741761363206,1245.6947874181506,11778.75525881086,4745.136558819828,439.2818741806568,10311.881133604627
2021-02-18,3245,740729,0.0653272401505848,1866,481311,0.056871171253543,85,16150,34,5535,1349811.194082318,774775.9316290519,2092989.9019210692,637470.7875410458,430172.5272526373,905384.1891663611,3332.4236,1892.5,7853.875,165.0,1643905.5988,2210345.875,858023.375,1127169.1364,1245769.5,1518813.5,584982.125,2202.7756,1239.0,5216.125,108.375,1127169.1364,1245769.5,1518813.5,584982.125,110.31819185300228,250.12983522091275,8.204628076256178,38618.17175908192,52033.28988640265,20720.76687835802,37.079257518619684,84.07161518387173,2.757673164996867,12775.821018881768,17284.801916143442,6760.290186291388,302.7695201360971,557.1750886002278,104.60106605864553,31394.62510493815,48211.18624517636,18382.7942399768,101.76443991100207,187.27317993659955,35.15766348200092,10347.900998730884,16000.147383691303,5974.469751112956,903176.5988,117294.375,1469616.875,645858.1364,103671.125,1037502.5,609082.1940823181,34046.93162905192,1352260.9019210692,156159.7875410458,-51138.472747362684,424073.1891663611,22468.171759081917,4570.766878358019,35883.28988640265,15244.62510493815,2232.7942399768,32061.18624517636,7240.821018881768,1225.2901862913877,11749.801916143442,4812.900998730884,439.46975111295615,10465.147383691303
2021-02-19,3720,744449,0.061970047810225,2142,483453,0.0595612156939076,65,16215,22,5557,1362172.2125271528,779024.3585919582,2114908.465306831,641926.8927337513,431704.07075244904,913285.7568693659,3687.8344,2006.0,8891.125,171.0,1647593.4332,2210574.5,859478.25,1129377.098,1249474.5,1518932.0,585998.875,2207.9616,1197.0,5311.875,103.0,1129377.098,1249474.5,1518932.0,585998.875,97.23049821983406,223.99099327927593,6.280045779914975,38715.40225730173,52043.221163405964,20768.073263401537,32.680327891530816,75.28603924836412,2.110798144810702,12808.50134677332,17288.139936567,6776.19042544361,279.70368397349864,515.8441255311197,96.46140228695356,31674.32878891164,48707.15694158499,18478.92714989199,94.01173779914285,173.3813512418899,32.42182559310851,10441.912736529954,16166.849038830189,6006.781166509515,903144.4332000001,115029.25,1466125.5,645924.098,102545.875,1035479.0,617723.2125271528,34575.35859195818,1370459.465306831,158473.89273375133,-51748.92924755096,429832.7568693659,22500.40225730173,4553.073263401537,35828.221163405964,15459.32878891164,2263.9271498919916,32492.156941584988,7251.501346773321,1219.1904254436104,11731.139936567,4884.912736529954,449.78116650951506,10609.849038830189
2021-02-20,1239,745688,0.0662566844919786,719,484172,0.0632644082710074,66,16281,25,5582,1373566.123437331,783026.9807195861,2135096.569689177,646034.3589428402,433147.00244347146,920563.4999752876,1053.4028,538.5,2570.125,42.0,1648646.836,2210625.0,859839.25,1130018.0032,1251068.0,1518972.75,586321.5,640.9052,333.5,1573.875,27.0,1130018.0032,1251068.0,1518972.75,586321.5,92.33811837960685,213.57933843362744,5.637979588672863,38807.740375681286,52052.3922849516,20847.82335949345,31.035940787938703,71.78655811354636,1.8949920547255004,12839.537287561285,17291.222459692264,6802.995382091804,257.82008745196197,474.8358871321694,89.01572301119938,31932.148876363568,49163.97101345004,18569.498016657366,86.6564005041223,159.59799415056128,29.91924415454929,10528.56913703411,16320.3896863363,6037.223112992402,902958.8359999999,114151.25,1464937.0,645846.0031999999,102149.5,1034800.75,627878.123437331,37338.980719586136,1389408.569689177,161862.35894284025,-51024.99755652854,436391.4999752876,22526.740375681286,4566.82335949345,35771.3922849516,15651.148876363568,2288.498016657366,32882.97101345004,7257.537287561285,1220.9953820918035,11709.222459692264,4946.56913703411,455.2231129924021,10738.3896863363
2021-02-21,3026,748714,0.0636289084677334,1791,485963,0.0605312964715425,74,16355,24,5606,1384047.1251934313,786664.5579248199,2154016.110845429,649812.7245005445,434458.33667903236,927383.9303440508,2461.0736,1234.5,6124.0,93.0,1651107.9096,2210715.375,861250.0,1131550.4572,1254136.0,1519042.375,586963.375,1532.454,767.0,3836.25,57.0,1131550.4572,1254136.0,1519042.375,586963.375,86.20840708485919,201.3942232271472,4.811253706179874,38893.9487827661,52060.47690443201,20880.780925529507,28.975671853186768,67.69099584003514,1.6171196442067322,12868.512959414462,17293.939796539606,6814.072812366097,237.16288556619799,437.2018573973935,81.66654517698001,32169.311761929857,49592.08018455992,18651.80868948604,79.71326904528719,146.94874875811908,27.449097999251,10608.282406079376,16464.282274993104,6064.888709963136,902393.9095999999,112536.0,1462001.375,645587.4572000001,101000.375,1033079.375,635333.1251934313,37950.55792481988,1405302.110845429,163849.7245005445,-51504.66332096764,441420.93034405075,22538.9487827661,4525.780925529507,35705.47690443201,15814.311761929857,2296.808689486039,33237.08018455992,7262.512959414462,1208.0728123660974,11687.939796539606,5002.2824060793755,458.8887099631356,10858.282274993104
2021-02-22,4711,753425,0.0706063966907466,2697,488660,0.0632653061224489,114,16469,16,5622,1393670.2961128328,789961.0229142447,2171975.225635738,653281.8449533326,435646.7011186217,933858.13026784,3179.9236,1543.0,7968.875,108.375,1654287.8332,2210845.0,863591.875,1133583.8364,1257492.0,1519120.75,589004.5,2033.3792,972.0,5086.125,72.0,1133583.8364,1257492.0,1519120.75,589004.5,77.20486279479876,182.6316672018884,3.8560337715692055,38971.15364556084,52066.706037474294,20920.666428869798,25.949473438365978,61.38467740893617,1.2960588531674515,12894.462432852832,17296.033482307226,6827.47880483908,217.75198942353683,402.11729387385196,74.8615579603479,32387.06375135336,49998.45693985487,18726.400714871867,73.18903578283539,135.15640930832808,25.161860788613645,10681.471441862226,16600.87033999004,6089.959977644916,900862.8332,110166.875,1457420.0,644923.8363999999,100344.5,1030460.75,640245.2961128328,36536.02291424468,1418550.225635738,164621.84495333256,-53013.298881378316,445198.13026784,22502.153645560837,4451.6664288697975,35597.706037474294,15918.063751353358,2257.4007148718665,33529.45693985487,7272.462432852832,1205.47880483908,11674.033482307226,5059.471441862226,467.95997764491585,10978.87033999004
2021-02-23,4390,757815,0.0622068555072196,2497,491157,0.0533581212470884,76,16545,34,5656,1402490.6947570927,792970.8146320148,2188610.7471646103,656461.5687257586,436731.7208168266,939855.179313516,3098.8964,1442.5,7826.875,98.0,1657386.7296,2210981.625,866236.5,1135638.5268,1259895.0,1519197.375,590430.25,2054.6904,949.0,5169.625,66.0,1135638.5268,1259895.0,1519197.375,590430.25,68.85868049864226,168.09648467743202,3.0256712649596786,39040.012326059565,52071.41586977456,20952.37486839774,23.144222214987444,56.49922953445859,1.0169641299924423,12917.6066550678,17297.616513009576,6838.136388824292,199.58695199146985,369.48948361573144,68.19858911847592,32586.650703344763,50374.88358117183,18794.505930895157,67.08355046381864,124.18981387643794,22.92235764433159,10748.554992326035,16727.39181515036,6112.850951480434,899571.7296,108421.5,1453166.625,644481.5268000001,99273.25,1028040.375,644675.6947570927,35155.81463201484,1430795.7471646103,165304.56872575858,-54425.27918317338,448698.179313516,22495.012326059565,4407.374868397739,35526.41586977456,16041.650703344763,2249.505930895157,33829.88358117183,7261.606655067801,1182.1363888242922,11641.616513009576,5092.554992326035,456.85095148043365,11071.39181515036
2021-02-24,4282,762097,0.0590156704384139,2471,493628,0.0550603859352021,86,16631,27,5683,1410562.4375747277,795709.4792054637,2203563.2419610815,659371.4046138267,437719.00009978283,945245.502934812,2944.4388,1311.5,7424.375,84.375,1660331.1684,2211103.5,868512.25,1137458.8252,1262243.0,1519251.25,591159.5,1820.2984,809.5,4595.25,50.375,1137458.8252,1262243.0,1519251.25,591159.5,63.85661619599473,158.5741864629502,2.495532282637684,39103.868942255525,52074.9233600625,20995.221991277114,21.462968857882913,53.29867175035043,0.8387781072159888,12939.069623925692,17298.79542224881,6852.537816879725,182.64645524601303,338.65886655489146,62.236960906357425,32769.297158590765,50713.22688984276,18856.476113512388,61.389647846604625,113.82727647208941,20.918583434526184,10809.944640172642,16841.113028861226,6133.679867556233,898234.1684000001,106415.25,1449006.5,643830.8252000001,97531.5,1025623.25,648465.4375747277,33612.479205463664,1441466.2419610815,165743.40461382666,-55908.99990021717,451617.502934812,22472.868942255525,4364.221991277114,35443.9233600625,16138.297158590765,2225.476113512388,34082.22688984276,7256.069623925692,1169.5378168797251,11615.795422248812,5126.944640172642,450.67986755623315,11158.113028861226
2021-02-25,3751,765848,0.0560754649285415,2061,495689,0.0525376634632542,90,16721,24,5707,1417938.5882311526,798206.6313420739,2216988.7284938814,662030.4818888061,438619.2149690178,950085.3452601356,2507.302,1069.0,6351.875,65.0,1662838.4704,2211158.5,870383.875,1138930.1092,1263873.5,1519301.25,592732.25,1471.284,635.5,3712.625,37.375,1138930.1092,1263873.5,1519301.25,592732.25,61.19276349344762,152.5870909590897,2.1496489222202846,39165.06170574897,52077.27585179656,21022.532284129542,20.567616253835393,51.2863376806258,0.7225225923557416,12959.637240179532,17299.586122724882,6861.717131411395,166.90667693381695,310.4852254142361,56.77572444365247,32936.2038355245,51017.01723358504,18912.98138087117,56.09932098826043,104.35778030337468,19.0829968484032,10866.043961160904,16943.220579738234,6152.67196055887,896990.4704,104535.875,1445310.5,643241.1092000001,97043.25,1023612.25,652090.5882311526,32358.631342073902,1451140.7284938814,166341.4818888061,-57069.785030982224,454396.3452601356,22444.061705748973,4301.532284129542,35356.27585179656,16215.203835524502,2191.9813808711697,34296.01723358504,7252.6372401795325,1154.7171314113948,11592.586122724882,5159.043961160904,445.6719605588696,11236.220579738234
2021-02-26,3763,769611,0.0596071598289244,2079,497768,0.0600537277217712,68,16789,22,5729,1424670.4144732808,800421.5642169766,2229149.0264681224,664457.2823994459,439417.6907523359,954469.0914044927,2190.8948,893.0,5595.0,52.0,1665029.3652,2211206.875,871845.25,1140131.0352,1266560.5,1519341.375,593960.0,1200.926,496.0,3043.875,28.0,1140131.0352,1266560.5,1519341.375,593960.0,56.36247327222566,142.3770667172359,1.7839661638350668,39221.424179021255,52079.176594001474,21064.858063269367,18.944098210310774,47.85462699197075,0.5996122641448494,12978.581338389817,17300.224984806548,6875.943329629845,152.32697922074868,283.71890771645536,51.67598432624969,33088.530814745354,51292.17903815562,18963.100623685117,51.19891102897781,95.36130229670411,17.368913487218492,10917.242872189892,17035.705737803146,6169.517634692223,895418.3651999999,102234.25,1441595.875,642363.0352,96192.0,1021573.375,655059.4144732808,30810.564216976636,1459538.0264681224,166689.2823994459,-58350.30924766412,456701.09140449273,22432.424179021255,4275.8580632693665,35290.176594001474,16299.530814745354,2174.100623685117,34503.17903815562,7249.581338389817,1146.9433296298448,11571.224984806548,5188.242872189892,440.5176346922226,11306.705737803146
2021-02-27,1421,771032,0.0605453770771197,828,498596,0.0637658837119753,69,16858,27,5756,1430806.9219128033,802382.344135734,2240120.553320762,666669.4725024189,440124.54525762785,958424.2895945245,754.1276,294.0,1917.25,16.0,1665783.4928,2211222.625,872524.625,1140548.278,1267324.0,1519356.0,594093.25,417.2428,165.0,1060.625,9.0,1140548.278,1267324.0,1519356.0,594093.25,55.39906721591493,139.52514527117748,1.7112336815043054,39276.82324623708,52080.97106596831,21121.559390603903,18.62028596631978,46.89606224444315,0.5751660110200311,12997.20162435614,17300.828128196143,6895.001320724248,138.8561747743457,259.2081817070528,46.87045298243427,33227.38698951971,51540.441468407065,19007.468923043725,46.671213296978216,87.12295550724635,15.753717197121926,10963.914085486884,17119.149695947035,6184.4303482705345,894751.4927999999,101492.625,1440190.625,641952.2779999999,95497.25,1020760.0,659774.9219128033,31350.34413573402,1469088.5533207618,168073.4725024189,-58471.45474237215,459828.28959452454,22418.82324623708,4263.559390603903,35222.97106596831,16369.386989519713,2149.468923043725,34682.441468407065,7241.201624356139,1139.0013207242482,11544.828128196143,5207.914085486884,428.4303482705345,11363.149695947035
2021-02-28,3013,774045,0.0579612565646461,1690,500286,0.0575064652239009,83,16941,22,5778,1436394.7345055381,804267.0467744658,2250107.9974107575,668683.8599755442,440803.9741616976,962024.7292888677,1551.3296,573.0,3973.25,31.0,1667334.8224,2211254.75,873328.25,1141425.9512,1268304.5,1519380.375,594628.375,877.6732,334.0,2231.25,17.0,1141425.9512,1268304.5,1519380.375,594628.375,52.44705552999405,132.3270539365098,1.4995013440525329,39329.270301767174,52082.64791334845,21148.65504855407,17.628079697691966,44.4766980601903,0.5040002519233377,13014.829704053844,17301.391736561935,6904.108493910238,126.44037176357715,236.69313229668205,42.59705553261312,33353.82736128322,51766.43618865753,19050.11575458115,42.498114106318994,79.55537937942148,14.317377443362457,11006.41219959317,17195.109211682946,6198.764456021653,893289.8224,99283.25,1437209.75,641139.9512,94342.375,1019094.375,662349.7345055381,30222.046774465824,1476062.9974107575,168397.85997554415,-59482.02583830239,461738.7292888677,22388.270301767174,4207.655048554068,35141.64791334845,16412.82736128322,2109.115754581151,34825.43618865753,7236.829704053844,1126.1084939102384,11523.391736561935,5228.412199593169,420.76445602165313,11417.109211682946
